{"train/loss": 0.6953, "train/learning_rate": 0.0001, "train/epoch": 2.08, "train/global_step": 131, "_timestamp": 1734014554.3808146, "_runtime": 102.198659658432, "_step": 130}