{"train/loss": 0.6172, "train/learning_rate": 0.0001, "train/epoch": 1.1, "train/global_step": 69, "_timestamp": 1734014514.3255024, "_runtime": 62.14334750175476, "_step": 68}