{"train/loss": 0.668, "train/learning_rate": 0.0001, "train/epoch": 2.59, "train/global_step": 163, "_timestamp": 1734014554.591978, "_runtime": 114.4546811580658, "_step": 162}