{"train/loss": 0.7031, "train/learning_rate": 0.0001, "train/epoch": 1.51, "train/global_step": 95, "_timestamp": 1734014514.6139812, "_runtime": 74.47668433189392, "_step": 94}