{"train/loss": 0.9258, "train/learning_rate": 0.0001, "train/epoch": 0.24, "train/global_step": 15, "_timestamp": 1734013639.4487596, "_runtime": 27.780351638793945, "_step": 14, "_wandb": {"runtime": 27}}